NUM,DESIGNATION,DYN,BD,BD.E,BD.R,RNK,DIAM,D.E,D.R,MASS,M.E,M.R,G,T.T,T.B,L.T,L.B,T.D,C_TAX,C_BD,C_BD.E,C_BD.R,C_RNK
,10P/Tempel 2,COM,0.76,0.46,61,D,9.6,1.4,14,3.50e+14,1.50e+14,43,-,-,-,-,-,-,-,0.75,0.46,61,D
,1999 OJ4,TNO,0.34,0.35,104,E,130.0,45.0,35,3.91e+17,2.20e+16,6,-,-,-,-,-,-,-,0.33,0.35,106,E
,19P/Borrely,COM,0.05,0.04,82,X,4.8,0.4,8,2.70e+12,2.10e+12,78,-,-,-,-,-,-,-,0.12,0.09,75,X
,1P/Halley,COM,0.54,0.38,69,D,10.4,2.0,19,3.20e+14,1.20e+14,38,-,-,-,-,-,-,-,0.54,0.37,69,D
,2000 QL251,TNO,1.76,1.76,100,E,150.0,50.0,33,3.11e+18,5.10e+16,2,-,-,-,-,-,-,-,1.75,1.76,101,E
,2001 QC298,TNO,1.42,0.96,68,D,244.0,55.0,23,1.08e+19,7.00e+17,6,-,-,-,-,-,-,-,1.41,0.96,68,D
,2003 QY90,TNO,0.57,0.72,127,E,150.0,50.0,33,1.01e+18,7.85e+17,78,-,-,-,-,-,-,-,0.57,0.72,126,E
,2003 TJ58,TNO,1.02,1.02,100,E,75.0,25.0,33,2.25e+17,1.50e+16,7,-,-,-,-,-,-,-,1.01,1.02,101,E
,2004 PB108,TNO,6.74,7.23,107,E,140.0,50.0,36,9.68e+18,5.70e+17,6,-,-,-,-,-,-,-,6.73,7.22,107,E
,22P/Kopff,COM,0.22,0.12,53,D,3.6,0.4,11,5.30e+12,2.20e+12,42,-,-,-,-,-,-,-,0.21,0.11,52,D
,2P/Encke,COM,1.71,1.39,82,D,4.7,0.8,17,9.20e+13,5.80e+13,63,-,-,-,-,-,-,-,1.67,1.36,81,D
,45P/H-M-P,COM,1.26,2.59,205,E,0.7,0.2,30,1.90e+11,3.50e+11,184,-,-,-,-,-,-,-,1.26,2.59,206,E
,46P/Wirtanen,COM,0.41,0.30,71,D,1.1,0.1,5,3.30e+11,2.30e+11,70,-,-,-,-,-,-,-,0.4,0.28,70,D
,67P/C-G,COM,0.54,0.00,0,A,3.3,0.0,0,9.97e+12,1.50e+08,0,-,-,-,-,-,-,-,0.43,0.37,86,D
,6P/dArrest,COM,1.09,0.49,45,C,1.7,0.2,12,2.80e+12,8.00e+11,29,-,-,-,-,-,-,-,1.08,0.49,45,C
,81P/Wild 2,COM,1.44,0.89,62,D,2.2,0.4,20,8.10e+12,8.10e+11,10,-,-,-,-,-,-,-,0.7,0.1,14,B
,9P/Tempel 1,COM,0.45,0.23,50,C,5.6,0.5,8,4.21e+13,1.81e+13,43,-,-,-,-,-,-,-,0.48,0.06,12,B
,SL9,COM,0.51,0.16,32,C,1.8,0.2,10,1.53e+12,1.53e+11,10,-,-,-,-,-,-,-,0.5,0.05,10,B
1,Ceres,MBA,2.16,0.00,0,A,939.4,0.2,0,9.38e+20,2.11e+16,0,Y,G,C,C,C,C,C,2.13,0.15,7,A
2,Pallas,MBA,2.77,0.21,8,A,520.8,12.8,2,2.05e+20,4.48e+18,2,Y,B,B,-,-,B,B,2.86,0.32,11,A
3,Juno,MBA,3.16,0.44,14,B,251.6,9.0,4,2.63e+19,2.37e+18,9,Y,S,Sk,S,Sk,Sq,Sq,3.68,0.62,17,A
4,Vesta,MBA,3.41,0.00,0,A,525.4,0.2,0,2.59e+20,1.76e+17,0,Y,V,V,-,-,V,V,3.58,0.15,4,A
5,Astraea,MBA,3.62,0.62,17,B,115.6,3.4,3,2.93e+18,4.30e+17,15,-,S,S,-,-,S,S,3.45,0.66,19,B
6,Hebe,MBA,3.60,0.85,24,C,189.5,8.3,4,1.28e+19,2.51e+18,20,Y,S,S,-,-,-,S,3.81,0.5,13,A
7,Iris,MBA,3.18,0.80,25,C,203.8,12.4,6,1.41e+19,2.41e+18,17,Y,S,S,-,-,S,S,2.14,0.81,38,C
8,Flora,MBA,2.67,0.26,10,B,140.1,2.3,2,3.84e+18,3.29e+17,9,Y,S,-,-,-,Sw,S,6.5,1.28,20,X
9,Metis,MBA,3.16,0.69,22,C,169.5,7.2,4,8.06e+18,1.44e+18,18,Y,S,-,T,T,-,S,3.6,0.87,24,C
10,Hygiea,MBA,2.07,0.26,12,A,427.0,15.7,4,8.42e+19,4.91e+18,6,Y,C,C,-,-,C,C,2.19,0.42,19,A
11,Parthenope,MBA,2.78,0.25,9,A,153.7,2.6,2,5.28e+18,4.00e+17,8,Y,S,Sk,-,-,Sq,Sq,3.27,0.41,13,A
12,Victoria,MBA,2.32,0.66,28,C,124.1,8.2,7,2.32e+18,4.75e+17,20,Y,S,L,D,D,-,L,2.45,0.67,27,C
13,Egeria,MBA,1.73,0.84,49,C,211.2,10.1,5,8.55e+18,3.98e+18,47,Y,G,Ch,-,-,Ch,Ch,1.7,0.86,51,D
14,Irene,MBA,3.00,0.80,27,C,147.5,5.2,4,5.04e+18,1.24e+18,25,Y,S,S,-,-,S,S,1.72,1.12,65,D
15,Eunomia,MBA,3.48,0.45,13,B,259.0,10.7,4,3.16e+19,1.25e+18,4,Y,S,S,-,-,K,K,3.54,0.2,6,B
16,Psyche,MBA,3.90,0.29,7,A,223.7,1.9,1,2.29e+19,1.60e+18,7,Y,M,X,-,-,Xk,Xk,3.38,1.16,34,C
17,Thetis,MBA,2.88,0.77,27,C,88.9,6.7,8,1.06e+18,1.55e+17,15,-,S,Sl,-,-,S,S,4.48,1.48,33,C
18,Melpomene,MBA,2.86,0.53,18,A,141.6,3.7,3,4.26e+18,7.06e+17,17,-,S,S,-,-,S,S,2.15,0.88,41,C
19,Fortuna,MBA,1.86,0.29,16,A,208.8,4.1,2,8.88e+18,1.29e+18,15,Y,G,Ch,-,-,Ch,Ch,1.85,0.35,19,A
20,Massalia,MBA,2.87,0.46,16,B,151.2,5.0,3,5.19e+18,6.44e+17,12,Y,S,S,-,-,S,S,3.71,1.05,28,C
21,Lutetia,MBA,3.45,0.53,15,A,98.0,5.0,5,1.70e+18,1.40e+16,1,-,M,Xk,X,X,Xc,Xk,3.44,0.52,15,A
22,Kalliope,MBA,3.01,0.45,15,A,170.5,8.0,5,7.81e+18,4.23e+17,5,-,M,X,-,-,X,X,3.08,0.58,19,B
23,Thalia,MBA,3.32,0.72,22,C,106.4,2.0,2,2.10e+18,4.36e+17,21,-,S,S,S,S,-,S,3.07,0.31,10,B
24,Themis,MBA,1.63,0.40,25,C,183.8,11.4,6,5.31e+18,8.48e+17,16,Y,C,B,B,C,C,C,1.81,0.67,37,C
25,Phocaea,MBA,2.33,0.64,28,C,81.1,4.2,5,6.51e+17,1.48e+17,23,-,S,S,S,Sa,S,S,2.21,0.44,20,C
26,Proserpina,MBA,1.69,0.86,51,D,89.5,3.6,4,6.36e+17,3.14e+17,49,-,S,S,-,-,S,S,1.98,2.38,120,E
27,Euterpe,MBA,3.78,1.98,52,D,110.3,2.0,2,2.66e+18,1.38e+18,52,Y,S,S,S,L,S,S,2.69,1.71,64,D
28,Bellona,MBA,3.27,1.13,35,C,115.0,10.5,9,2.60e+18,5.52e+17,21,-,S,S,-,-,S,S,3.95,1.28,32,C
29,Amphitrite,MBA,2.47,0.49,20,A,217.2,11.2,5,1.33e+19,1.65e+18,12,Y,S,S,S,L,S,S,2.38,0.51,21,C
30,Urania,MBA,3.33,0.54,16,B,100.0,1.7,2,1.74e+18,2.67e+17,15,-,S,Sl,-,-,S,S,3.92,1.29,33,C
31,Euphrosyne,MBA,1.39,0.55,40,C,273.5,13.6,5,1.49e+19,5.47e+18,37,Y,C,Cb,-,-,-,C,1.18,0.61,52,D
32,Pomona,MBA,2.50,1.20,48,C,81.6,3.1,4,7.13e+17,3.33e+17,47,-,S,S,-,-,Sw,-,-,-,-,-
33,Polyhymnia,MBA,75.32,9.72,13,X,54.0,0.9,2,6.20e+18,7.36e+17,12,-,S,Sq,S,S,S,S,75.28,9.71,13,X
34,Circe,MBA,4.63,1.21,26,C,113.5,4.0,4,3.54e+18,8.48e+17,24,-,C,Ch,-,-,Ch,Ch,4.83,0.63,13,X
35,Leukothea,MBA,1.96,0.91,46,C,103.0,2.4,2,1.12e+18,5.13e+17,46,-,C,C,-,-,-,-,-,-,-,-
36,Atalante,MBA,2.92,1.32,45,C,108.9,3.5,3,1.97e+18,8.69e+17,44,-,C,-,-,-,-,C,6.17,5.48,89,E
37,Fides,MBA,2.62,0.83,32,C,112.3,5.6,5,1.95e+18,5.43e+17,28,-,S,S,S,K,S,-,-,-,-,-
38,Leda,MBA,1.18,1.46,123,E,115.6,1.4,1,9.57e+17,1.18e+18,123,-,C,Cgh,-,-,Cgh,Cgh,7.09,6.79,96,E
39,Laetitia,MBA,2.32,0.65,28,C,160.2,5.1,3,5.00e+18,1.32e+18,27,-,S,S,-,-,Sqw,S,2.47,0.63,26,C
40,Harmonia,MBA,3.69,1.04,28,C,120.0,6.1,5,3.34e+18,7.92e+17,24,-,S,S,-,-,S,-,-,-,-,-
41,Daphne,MBA,1.97,0.29,15,B,181.3,7.7,4,6.14e+18,4.64e+17,8,-,C,Ch,-,-,Ch,Ch,2.03,0.32,16,B
42,Isis,MBA,2.43,0.81,33,C,103.5,2.0,2,1.41e+18,4.65e+17,33,Y,S,L,-,-,K,S,2.78,0.93,33,C
43,Ariadne,MBA,5.54,2.84,51,D,65.5,3.4,5,8.14e+17,3.96e+17,49,-,S,Sk,S,S,Sq,Sq,8.99,2.57,29,X
44,Nysa,MBA,2.20,1.10,50,C,73.5,2.2,3,4.58e+17,2.25e+17,49,-,E,Xc,-,-,-,-,-,-,-,-
45,Eugenia,MBA,1.37,0.22,16,A,207.0,8.3,4,6.37e+18,6.69e+17,11,-,FC,C,-,-,-,C,1.34,0.29,22,C
46,Hestia,MBA,1.65,1.81,110,E,125.9,5.2,4,1.72e+18,1.88e+18,109,-,P,Xc,-,-,-,Xc,5.81,0.87,15,E
47,Aglaja,MBA,1.30,1.06,81,D,140.2,6.8,5,1.87e+18,1.50e+18,80,-,C,B,B,B,-,B,2.17,1.19,55,D
48,Doris,MBA,1.24,0.38,30,C,223.4,6.7,3,7.22e+18,2.10e+18,29,Y,CG,Ch,-,-,Ch,Ch,1.23,0.62,50,D
49,Pales,MBA,1.70,0.95,56,D,150.2,3.2,2,3.02e+18,1.67e+18,55,-,CG,Ch,-,-,Ch,Ch,2.35,1.21,51,D
50,Virginia,MBA,1.57,0.73,47,C,99.6,3.2,3,8.14e+17,3.71e+17,46,-,X,Ch,Caa,Ch,Ch,Ch,4.49,1.35,30,E
51,Nemausa,MBA,1.71,0.46,27,C,147.0,3.2,2,2.85e+18,7.43e+17,26,Y,CU,Ch,-,-,Cgh,Ch,1.43,0.5,35,C
52,Europa,MBA,1.50,0.31,21,C,309.6,13.3,4,2.34e+19,3.77e+18,16,Y,CF,C,-,-,C,C,1.52,0.39,26,C
53,Kalypso,MBA,1.49,0.46,31,C,115.9,3.3,3,1.22e+18,3.64e+17,30,-,XC,-,-,-,-,C,8.28,7.54,91,X
54,Alexandra,MBA,2.23,1.29,58,D,143.5,3.0,2,3.45e+18,1.98e+18,57,Y,C,C,-,-,Cgh,Cgh,3.5,2.11,60,D
56,Melete,MBA,4.57,1.07,24,C,124.2,4.3,3,4.58e+18,9.67e+17,21,-,P,Xk,X,X,Xk,Xk,6.0,1.31,22,C
57,Mnemosyne,MBA,3.85,1.76,46,C,114.9,3.3,3,3.05e+18,1.37e+18,45,Y,S,S,S,S,S,S,16.62,3.73,22,X
58,Concordia,MBA,0.63,0.32,51,D,96.7,3.6,4,2.96e+17,1.48e+17,50,-,C,Ch,Caa,Cgh,Ch,-,-,-,-,-
59,Elpis,MBA,1.34,0.35,26,C,163.8,9.1,6,3.08e+18,6.23e+17,20,-,CP,B,-,-,-,B,1.3,0.26,20,C
60,Echo,MBA,2.79,0.33,12,B,59.9,1.2,2,3.15e+17,3.15e+16,10,Y,S,S,-,-,-,S,2.78,0.33,12,B
61,Danae,MBA,9.74,9.45,97,X,82.8,3.5,4,2.89e+18,2.78e+18,96,-,S,S,-,-,S,S,9.81,9.49,97,D
62,Erato,MBA,1.07,0.54,50,D,80.7,2.1,3,2.93e+17,1.46e+17,50,-,BU,Ch,B,B,-,-,-,-,-,-
63,Ausonia,MBA,2.56,0.53,21,C,101.8,4.7,5,1.41e+18,2.16e+17,15,-,S,Sa,-,-,Sw,S,3.46,0.86,25,C
65,Cybele,MBA,1.99,0.50,25,C,250.1,18.4,7,1.63e+19,2.03e+18,12,-,P,Xc,C,C,Xk,Xk,1.7,0.52,31,C
67,Asia,MBA,8.59,1.23,14,X,61.2,2.1,4,1.03e+18,9.95e+16,10,-,S,S,-,-,S,S,8.66,1.32,15,X
68,Leto,MBA,2.63,0.99,38,C,126.6,4.5,4,2.80e+18,1.01e+18,36,Y,S,-,S,S,-,S,3.21,1.92,60,D
69,Hesperia,MBA,4.33,1.11,26,C,136.8,5.4,4,5.80e+18,1.32e+18,23,-,M,X,-,-,Xk,Xk,4.38,0.99,23,C
70,Panopaea,MBA,2.33,0.84,36,C,135.2,4.7,3,3.01e+18,1.04e+18,35,-,C,Ch,-,-,Cgh,Cgh,3.48,1.05,30,C
71,Niobe,MBA,2.57,1.48,58,D,78.8,8.0,10,6.57e+17,3.23e+17,49,-,S,Xe,-,-,-,-,-,-,-,-
72,Feronia,MBA,1.81,0.85,47,C,83.7,3.3,4,5.56e+17,2.53e+17,46,-,TDG,-,-,-,-,D,10.71,27.44,256,X
74,Galatea,MBA,0.99,0.80,81,D,121.9,7.4,6,9.34e+17,7.41e+17,79,Y,C,C,-,-,-,C,6.66,5.94,89,D
75,Eurydike,MBA,3.13,1.50,48,C,66.4,3.9,6,4.79e+17,2.13e+17,44,-,M,Xk,-,-,-,-,-,-,-,-
76,Freia,MBA,1.85,1.43,77,D,164.0,7.8,5,4.27e+18,3.24e+18,76,Y,P,X,-,-,C,C,0.79,1.69,214,E
77,Frigga,MBA,2.67,3.32,124,E,67.0,1.3,2,4.20e+17,5.22e+17,124,-,MU,Xe,-,-,Xe,Xe,11.05,4.34,39,X
78,Diana,MBA,1.62,0.70,43,C,123.2,4.6,4,1.58e+18,6.64e+17,42,-,C,Ch,Caa,Ch,Ch,Ch,1.28,0.19,15,B
79,Eurynome,MBA,2.36,1.39,59,D,62.1,6.8,11,2.96e+17,1.45e+17,49,-,S,S,-,-,-,-,-,-,-,-
80,Sappho,MBA,2.13,1.01,47,C,81.5,5.4,7,6.03e+17,2.58e+17,43,-,S,S,-,-,-,-,-,-,-,-
81,Terpsichore,MBA,2.92,0.86,29,C,121.4,2.1,2,2.73e+18,7.89e+17,29,-,C,Cb,-,-,-,Cb,6.54,5.62,86,D
82,Alkmene,MBA,1.68,0.86,51,D,65.1,2.5,4,2.42e+17,1.21e+17,50,-,S,Sq,-,-,S,-,-,-,-,-
83,Beatrix,MBA,1.93,1.06,55,D,85.3,7.4,9,6.26e+17,3.05e+17,49,-,X,X,-,-,-,-,-,-,-,-
84,Klio,MBA,1.44,0.57,40,C,79.1,1.6,2,3.73e+17,1.47e+17,39,-,G,Ch,Caa,Ch,Ch,Ch,2.08,1.55,75,D
85,Io,MBA,1.39,0.77,55,D,161.9,5.2,3,3.10e+18,1.68e+18,54,-,FC,B,C,Cb,C,Cb,1.31,0.77,59,D
86,Semele,MBA,1.95,0.99,51,D,117.7,6.5,6,1.66e+18,7.99e+17,48,-,C,-,-,-,-,-,-,-,-,-
87,Sylvia,MBA,1.34,0.19,15,B,278.0,10.8,4,1.51e+19,1.30e+18,9,Y,P,X,X,X,X,X,1.31,0.15,11,B
88,Thisbe,MBA,2.14,0.34,16,A,209.5,7.5,4,1.03e+19,1.20e+18,12,Y,CF,B,-,-,-,B,3.44,0.84,24,C
89,Julia,MBA,4.01,1.61,40,C,147.3,4.9,3,6.71e+18,2.62e+18,39,Y,S,K,S,Ld,-,X,3.98,1.27,32,C
90,Antiope,MBA,1.15,0.16,14,B,111.5,5.0,4,8.36e+17,2.98e+16,4,-,C,C,Caa,Ch,C,C,0.86,0.06,7,B
91,Aegina,MBA,0.69,0.40,58,D,123.1,12.9,10,6.77e+17,3.29e+17,49,Y,CP,Ch,Caa,Ch,-,-,-,-,-,-
92,Undina,MBA,4.64,1.75,38,C,124.7,2.6,2,4.71e+18,1.76e+18,37,-,X,Xc,-,-,Xk,Xk,4.39,0.42,10,B
93,Minerva,MBA,2.00,0.39,20,B,149.6,8.0,5,3.50e+18,4.00e+17,11,-,CU,C,C,Cb,C,C,1.98,0.39,20,B
94,Aurora,MBA,1.08,1.08,100,D,195.3,10.1,5,4.23e+18,4.16e+18,99,-,CP,C,-,-,-,C,1.83,1.1,60,D
95,Arethusa,MBA,2.11,1.54,73,D,126.7,10.4,8,2.25e+18,1.54e+18,69,-,C,Ch,Caa,Ch,-,-,-,-,-,-
96,Aegle,MBA,2.67,1.97,74,D,168.9,8.5,5,6.72e+18,4.86e+18,72,-,T,T,-,-,T,T,2.61,2.53,97,D
97,Klotho,MBA,4.80,1.01,21,C,81.6,2.6,3,1.37e+18,2.54e+17,19,-,M,-,-,-,Xc,Xc,4.16,0.62,15,B
98,Ianthe,MBA,1.51,0.32,21,C,103.9,1.1,1,8.90e+17,1.88e+17,21,-,CG,Ch,Caa,Ch,-,Ch,1.42,0.35,25,C
99,Dike,MBA,2.23,1.08,48,C,75.7,2.9,4,5.08e+17,2.39e+17,47,-,C,Xk,-,-,Xk,-,-,-,-,-
100,Hekate,MBA,2.29,1.14,50,C,88.8,1.5,2,8.40e+17,4.15e+17,49,Y,S,S,-,-,-,-,-,-,-,-
102,Miriam,MBA,4.46,1.88,42,C,88.0,5.8,7,1.59e+18,5.93e+17,37,-,P,C,-,-,-,-,-,-,-,-
103,Hera,MBA,4.78,2.87,60,D,74.1,8.6,12,1.02e+18,4.97e+17,49,-,S,S,-,-,S,-,-,-,-,-
104,Klymene,MBA,1.76,0.61,35,C,117.7,10.2,9,1.50e+18,3.41e+17,23,-,C,Ch,Caa,Ch,-,-,-,-,-,-
105,Artemis,MBA,1.90,0.53,28,C,108.2,8.4,8,1.26e+18,1.92e+17,15,-,C,Ch,Caa,Ch,Ch,Ch,1.73,0.67,39,C
106,Dione,MBA,1.96,0.86,44,C,147.8,4.1,3,3.31e+18,1.43e+18,43,Y,G,Cgh,Caa,Cgh,Cgh,Cgh,1.83,0.92,50,D
107,Camilla,MBA,1.77,0.39,22,C,228.2,15.6,7,1.10e+19,8.65e+17,8,-,C,X,X,X,-,X,2.28,0.29,13,B
109,Felicitas,MBA,1.18,0.58,49,C,82.6,2.7,3,3.47e+17,1.67e+17,48,-,GC,Ch,Caa,Ch,-,-,-,-,-,-
110,Lydia,MBA,4.88,1.75,36,C,78.5,7.8,10,1.23e+18,2.44e+17,20,-,M,X,-,-,Xk,-,-,-,-,-
111,Ate,MBA,1.15,0.37,32,C,141.8,6.0,4,1.72e+18,5.05e+17,29,-,C,Ch,-,-,Ch,Ch,1.15,0.32,28,C
112,Iphigenia,MBA,1.68,0.83,49,C,71.1,1.5,2,3.16e+17,1.55e+17,49,-,DCX,Ch,Caa,Ch,-,Ch,10.48,36.06,344,X
113,Amalthea,MBA,2.15,1.19,56,D,50.3,4.1,8,1.44e+17,7.16e+16,50,Y,S,S,-,-,-,-,-,-,-,-
114,Kassandra,MBA,2.62,1.19,45,C,88.1,9.7,11,9.41e+17,2.90e+17,31,Y,T,Xk,-,-,K,-,-,-,-,-
115,Thyra,MBA,1.06,0.56,52,D,83.0,4.9,6,3.18e+17,1.57e+17,49,-,S,S,S,K,S,-,-,-,-,-
117,Lomia,MBA,3.77,1.31,35,C,142.8,2.0,1,5.75e+18,1.98e+18,35,-,XC,X,X,X,-,X,3.67,0.48,13,B
118,Peitho,MBA,1.39,0.94,68,D,44.5,6.8,15,6.42e+16,3.21e+16,50,-,S,S,-,-,-,-,-,-,-,-
120,Lachesis,MBA,1.64,0.44,27,C,184.5,4.0,2,5.41e+18,1.39e+18,26,-,C,C,-,-,-,-,-,-,-,-
121,Hermione,MBA,1.48,0.14,9,B,185.6,4.1,2,4.97e+18,3.32e+17,7,Y,C,Ch,-,-,-,Ch,1.27,0.22,17,B
124,Alkeste,MBA,4.74,2.22,47,C,76.7,2.0,3,1.12e+18,5.17e+17,46,-,S,S,-,-,-,-,-,-,-,-
126,Velleda,MBA,8.64,106.21,1229,X,47.0,1.9,4,4.71e+17,5.79e+18,1229,-,S,-,-,-,-,S,10.0,123.0,1230,X
127,Johanna,MBA,1.66,1.23,74,D,113.7,3.9,3,1.27e+18,9.38e+17,74,-,CX,Ch,Caa,Ch,-,Ch,3.75,1.68,45,C
128,Nemesis,MBA,1.63,0.66,41,C,185.3,4.7,3,5.42e+18,2.16e+18,40,Y,C,C,-,-,C,C,1.82,0.79,43,C
129,Antigone,MBA,4.35,2.14,49,C,122.0,4.7,4,4.13e+18,1.98e+18,48,Y,M,X,-,-,-,X,2.96,1.04,35,C
130,Elektra,MBA,1.76,0.23,13,B,191.0,6.3,3,6.42e+18,5.40e+17,8,-,G,Ch,Caa,Ch,Ch,Ch,1.84,0.22,12,B
132,Aethra,MBA,5.09,7.72,152,E,44.2,1.5,3,2.29e+17,3.47e+17,151,-,M,Xe,-,-,Xe,Xe,17.09,112.83,660,X
134,Sophrosyne,MBA,1.14,0.53,46,C,125.0,3.9,3,1.17e+18,5.30e+17,45,-,C,Ch,-,-,-,-,-,-,-,-
135,Hertha,MBA,4.45,0.63,14,B,78.1,2.0,3,1.11e+18,1.31e+17,12,-,M,Xk,-,-,-,Xk,5.23,0.96,18,B
137,Meliboea,MBA,2.52,1.25,49,C,145.0,3.9,3,4.03e+18,1.97e+18,49,-,C,-,-,-,-,C,4.46,1.91,43,E
138,Tolosa,MBA,7.69,4.39,57,D,49.7,3.7,7,4.93e+17,2.59e+17,53,-,S,-,-,-,-,S,6.74,3.74,55,E
139,Juewa,MBA,2.82,0.63,23,C,166.9,8.1,5,6.86e+18,1.18e+18,17,-,CP,X,-,-,-,X,2.51,1.05,42,C
140,Siwa,MBA,2.95,1.09,37,C,116.2,3.2,3,2.42e+18,8.75e+17,36,-,P,Xc,C,Cb,-,-,-,-,-,-
141,Lumen,MBA,1.22,1.80,147,E,123.7,11.2,9,1.21e+18,1.75e+18,145,-,CPF,Ch,Caa,Ch,-,Ch,6.95,4.93,71,X
143,Adria,MBA,0.96,0.53,55,D,88.4,6.7,8,3.47e+17,1.73e+17,50,-,C,Xc,-,-,-,-,-,-,-,-
144,Vibilia,MBA,2.28,0.36,16,B,142.0,1.7,1,3.42e+18,5.30e+17,16,Y,C,Ch,-,-,-,Ch,3.58,0.84,23,C
145,Adeona,MBA,1.36,0.50,37,C,149.5,5.1,3,2.37e+18,8.48e+17,36,Y,C,Ch,Caa,Ch,-,Ch,1.18,0.34,29,C
146,Lucina,MBA,1.12,0.58,52,D,133.7,8.0,6,1.40e+18,6.81e+17,48,-,C,Ch,-,-,-,-,-,-,-,-
147,Protogeneia,MBA,4.18,5.03,120,E,129.2,5.8,4,4.72e+18,5.64e+18,119,-,C,C,-,-,C,C,14.13,3.78,27,X
148,Gallia,MBA,1.84,0.92,50,C,96.7,2.9,3,8.71e+17,4.28e+17,49,-,GU,S,S,Sl,-,S,16.06,6.22,39,X
150,Nuwa,MBA,0.93,0.66,72,D,147.6,9.6,7,1.56e+18,1.08e+18,69,-,CX,Cb,-,-,C,C,0.98,0.22,22,C
152,Atala,MBA,42.29,10.80,26,X,62.6,2.4,4,5.43e+18,1.24e+18,23,-,I,S,-,-,-,S,47.92,13.1,27,X
154,Bertha,MBA,2.12,1.22,58,D,186.9,2.5,1,7.25e+18,4.16e+18,57,-,-,C,C,Cb,-,Cb,2.69,1.52,57,D
156,Xanthippe,MBA,3.35,0.69,21,C,118.0,3.2,3,2.89e+18,5.49e+17,19,-,C,Ch,Caa,Ch,-,Ch,7.86,4.57,58,X
159,Aemilia,MBA,2.67,1.01,38,C,132.3,5.6,4,3.23e+18,1.16e+18,36,-,C,Ch,-,-,-,-,-,-,-,-
160,Una,MBA,1.91,0.97,51,D,84.6,3.6,4,6.04e+17,2.99e+17,49,-,CX,C,-,-,Xk,-,-,-,-,-
162,Laurentia,MBA,2.30,1.07,47,C,104.3,3.5,3,1.36e+18,6.21e+17,45,Y,STU,Ch,-,-,-,-,-,-,-,-
163,Erigone,MBA,1.61,2.74,170,E,72.6,2.2,3,3.22e+17,5.47e+17,170,-,C,Ch,-,-,-,Ch,9.99,3.45,35,X
164,Eva,MBA,3.73,1.70,46,C,103.0,4.9,5,2.13e+18,9.22e+17,43,-,CX,X,X,X,-,X,1.68,1.41,84,D
165,Loreley,MBA,3.07,3.16,103,E,168.1,8.2,5,7.62e+18,7.76e+18,102,-,CD,Cb,-,-,-,C,8.14,1.46,18,X
168,Sibylla,MBA,1.76,0.83,47,C,147.9,3.6,2,2.99e+18,1.39e+18,47,Y,C,Ch,Caa,Ch,-,Ch,2.26,1.05,46,C
171,Ophelia,MBA,1.55,0.72,47,C,109.5,11.1,10,1.06e+18,3.77e+17,35,Y,C,C,C,Cb,-,-,-,-,-,-
172,Baucis,MBA,5.34,3.31,62,D,57.5,7.5,13,5.33e+17,2.56e+17,48,-,S,L,-,-,-,-,-,-,-,-
173,Ino,MBA,1.04,0.33,32,C,159.9,5.7,4,2.21e+18,6.57e+17,30,-,C,Xk,X,X,-,X,2.23,1.47,66,D
175,Andromache,MBA,1.63,1.07,66,D,104.0,15.2,15,9.60e+17,4.72e+17,49,Y,C,Cg,-,-,Cg,-,-,-,-,-
176,Iduna,MBA,1.06,0.58,55,D,120.3,9.1,8,9.68e+17,4.80e+17,50,-,G,Ch,Caa,Ch,-,-,-,-,-,-
177,Irma,MBA,0.83,0.43,51,D,76.3,3.3,4,1.93e+17,9.61e+16,50,-,C:,Ch,Caa,Ch,-,-,-,-,-,-
179,Klytaemnestra,MBA,1.07,0.54,51,D,76.3,4.2,5,2.49e+17,1.19e+17,48,-,S,Sk,-,-,-,S,1.12,0.55,49,C
181,Eucharis,MBA,5.46,2.43,44,C,101.1,2.1,2,2.96e+18,1.30e+18,44,-,S,Xk,X,X,Xk,-,-,-,-,-
185,Eunike,MBA,2.18,0.88,41,C,158.5,5.4,3,4.54e+18,1.78e+18,39,-,C,C,-,-,-,C,1.64,1.21,74,D
187,Lamberta,MBA,1.60,0.34,22,C,131.4,2.0,2,1.90e+18,3.99e+17,21,-,C,Ch,-,-,-,Ch,1.51,0.71,47,C
189,Phthia,MBA,1.08,0.25,23,C,40.8,1.2,3,3.84e+16,8.15e+15,21,-,S,Sa,-,-,-,Sa,1.07,0.25,23,C
191,Kolga,MBA,0.94,0.53,56,D,108.5,9.7,9,6.32e+17,3.14e+17,50,-,XC:,Cb,X,X,Cb,-,-,-,-,-
192,Nausikaa,MBA,4.10,0.70,17,B,90.2,2.0,2,1.57e+18,2.46e+17,16,-,S,Sl,-,-,Sw,S,4.64,1.17,25,C
194,Prokne,MBA,1.34,0.32,24,C,168.9,4.1,2,3.37e+18,7.70e+17,23,-,C,C,Caa,Ch,-,Ch,1.03,0.16,16,B
195,Eurykleia,MBA,1.40,0.71,50,D,86.2,2.2,3,4.70e+17,2.34e+17,50,-,C,Ch,-,-,-,-,-,-,-,-
196,Philomela,MBA,2.92,0.85,29,C,144.1,6.5,4,4.57e+18,1.18e+18,26,-,S,S,-,-,-,S,2.48,1.02,41,C
198,Ampella,MBA,1.65,0.86,52,D,61.3,4.0,7,1.99e+17,9.68e+16,49,-,S,S,-,-,-,-,-,-,-,-
200,Dynamene,MBA,2.66,0.94,36,C,130.4,3.0,2,3.08e+18,1.08e+18,35,Y,C,Ch,-,-,-,Ch,9.14,1.51,17,X
201,Penelope,MBA,3.99,1.97,49,C,82.8,3.6,4,1.18e+18,5.65e+17,48,Y,M,X,-,-,Xk,-,-,-,-,-
202,Chryseis,MBA,8.66,1.63,19,X,87.0,3.8,4,2.98e+18,3.98e+17,13,-,S,-,-,-,-,-,-,-,-,-
203,Pompeja,MBA,1.33,0.40,30,C,118.7,3.0,3,1.17e+18,3.42e+17,29,-,DCX:,-,-,-,-,-,-,-,-,-
204,Kallisto,MBA,8.89,26.79,301,X,50.5,2.1,4,6.01e+17,1.81e+18,301,-,S,-,-,-,-,S,8.98,27.07,301,X
205,Martha,MBA,0.59,0.34,59,D,68.6,7.0,10,9.96e+16,4.98e+16,50,-,C,Ch,Caa,Ch,Ch,-,-,-,-,-
206,Hersilia,MBA,6.08,2.55,42,C,95.4,5.6,6,2.77e+18,1.05e+18,38,Y,C,C,-,-,-,-,-,-,-,-
209,Dido,MBA,1.21,0.73,60,D,131.9,4.2,3,1.45e+18,8.65e+17,60,Y,C,Xc,-,-,-,Xc,3.17,5.17,163,E
210,Isabella,MBA,0.92,0.46,50,D,68.4,1.4,2,1.54e+17,7.69e+16,50,-,CF,Cb,-,-,Cb,Cb,16.26,7.65,47,X
211,Isolda,MBA,1.63,0.45,28,C,144.4,3.2,2,2.57e+18,6.87e+17,27,-,C,Ch,-,-,-,Ch,2.54,1.41,56,D
212,Medea,MBA,1.14,0.41,36,C,144.1,6.8,5,1.79e+18,5.95e+17,33,-,DCX:,-,-,-,-,D,8.41,1.43,17,X
213,Lilaea,MBA,0.77,0.42,55,D,87.7,6.4,7,2.72e+17,1.36e+17,50,Y,F,B,-,-,-,-,-,-,-,-
216,Kleopatra,MBA,3.89,0.69,18,B,131.5,7.6,6,4.64e+18,2.00e+17,4,-,M,Xe,-,-,Xe,Xe,4.27,0.86,20,C
217,Eudora,MBA,8.94,0.64,7,X,68.7,1.4,2,1.52e+18,5.97e+16,4,-,X,-,X,X,-,X,8.98,0.65,7,X
221,Eos,MBA,2.84,1.21,43,C,103.7,4.9,5,1.66e+18,6.67e+17,40,-,S,K,-,-,K,K,10.1,1.74,17,X
223,Rosa,MBA,1.47,0.55,38,C,82.7,6.7,8,4.35e+17,1.26e+17,29,-,X,-,X,Xc,-,-,-,-,-,-
224,Oceana,MBA,2.63,1.36,52,D,68.0,3.5,5,4.33e+17,2.14e+17,49,-,M,-,X,T,-,-,-,-,-,-
225,Henrietta,OMB,0.86,0.43,50,D,122.0,3.3,3,8.20e+17,4.05e+17,49,-,F,-,-,-,-,-,-,-,-,-
227,Philosophia,MBA,3.49,1.76,50,D,95.0,5.6,6,1.57e+18,7.38e+17,47,-,-,-,X,X,-,-,-,-,-,-
230,Athamantis,MBA,3.13,0.53,17,B,109.1,3.9,4,2.13e+18,2.80e+17,13,-,S,Sl,-,-,-,S,2.69,0.43,16,B
233,Asterope,MBA,3.27,1.47,45,C,107.5,2.8,3,2.13e+18,9.44e+17,44,-,T,K,T,T,Xk,-,-,-,-,-
234,Barbara,MBA,8.89,29.30,330,X,45.6,1.8,4,4.40e+17,1.45e+18,330,Y,S,Ld,-,-,L,L,8.84,29.17,330,X
236,Honoria,MBA,3.22,1.58,49,C,91.2,5.0,5,1.28e+18,5.93e+17,46,-,S,L,-,-,L,-,-,-,-,-
238,Hypatia,MBA,2.56,0.72,28,C,146.4,3.3,2,4.20e+18,1.15e+18,27,-,C,Ch,-,-,-,Ch,2.99,1.05,35,C
240,Vanadis,MBA,1.72,0.56,33,C,91.6,2.0,2,6.93e+17,2.21e+17,32,-,C,C,-,-,-,C,2.53,2.15,85,D
241,Germania,MBA,2.19,0.81,37,C,178.0,6.1,3,6.47e+18,2.30e+18,36,Y,CP,B,C,Cb,-,Cb,0.28,1.67,596,X
243,Ida,MBA,2.36,0.30,13,A,31.3,1.2,4,3.78e+16,1.99e+15,5,-,S,S,-,-,Sw,S,2.35,0.29,12,A
247,Eukrate,MBA,0.41,0.21,50,D,148.5,6.1,4,7.12e+17,3.47e+17,49,-,CP,Xc,-,-,-,-,-,-,-,-
250,Bettina,MBA,7.84,5.42,69,D,79.8,16.5,21,2.08e+18,6.33e+17,30,-,M,Xk,-,-,Xk,-,-,-,-,-
253,Mathilde,MBA,1.32,0.20,15,A,53.0,2.6,5,1.03e+17,4.38e+15,4,-,-,Cb,-,-,-,Cb,1.32,0.2,15,A
259,Aletheia,MBA,2.52,0.90,36,C,189.8,7.3,4,9.01e+18,3.07e+18,34,Y,CP,X,X,X,-,X,2.16,0.26,12,B
266,Aline,MBA,2.13,1.08,51,D,114.3,6.8,6,1.67e+18,7.90e+17,47,-,C,Ch,Caa,Ch,Ch,Ch,6.29,1.32,21,E
268,Adorea,MBA,1.49,0.95,64,D,141.0,3.1,2,2.18e+18,1.39e+18,64,-,FC,-,X,X,-,X,2.24,1.56,70,D
275,Sapientia,MBA,4.69,1.12,24,C,95.5,1.1,1,2.14e+18,5.06e+17,24,-,X,C,-,-,-,-,-,-,-,-
276,Adelheid,MBA,3.12,1.66,53,D,123.0,9.4,8,3.04e+18,1.46e+18,48,-,X,-,-,-,-,-,-,-,-,-
283,Emma,MBA,0.92,0.11,12,B,142.1,5.4,4,1.39e+18,4.08e+16,3,-,X,-,C,C,-,C,1.12,0.25,22,C
287,Nephthys,MBA,1.34,0.68,50,D,68.6,1.8,3,2.27e+17,1.13e+17,50,-,S,-,-,-,-,-,-,-,-,-
303,Josephina,MBA,0.96,0.49,51,D,102.2,3.0,3,5.38e+17,2.68e+17,50,-,-,-,Caa,Ch,-,-,-,-,-,-
304,Olga,MBA,0.53,0.27,50,D,69.7,1.3,2,9.49e+16,4.73e+16,50,-,C,Xc,-,-,-,Xc,6.31,6.18,98,D
306,Unitas,MBA,6.23,6.77,109,E,54.7,1.8,3,5.33e+17,5.77e+17,108,-,S,S,-,-,-,S,6.88,7.57,110,E
308,Polyxo,MBA,3.06,1.76,58,D,134.8,21.2,16,3.92e+18,1.30e+18,33,Y,T,T,-,-,T,-,-,-,-,-
313,Chaldaea,MBA,0.95,0.40,43,C,99.6,2.4,2,4.90e+17,2.06e+17,42,-,C,-,-,-,-,-,-,-,-,-
322,Phaeo,MBA,1.27,0.64,50,D,71.5,1.9,3,2.42e+17,1.20e+17,50,-,X,X,-,-,D,D,9.56,1.73,18,X
324,Bamberga,MBA,1.59,0.19,12,A,232.3,6.0,3,1.04e+19,9.27e+17,9,Y,CP,-,C,Cb,-,Cb,1.52,0.2,13,A
326,Tamara,MBA,0.95,0.54,56,D,84.9,8.9,10,3.05e+17,1.43e+17,47,-,C,-,-,-,-,-,-,-,-,-
328,Gudrun,MBA,3.32,1.60,48,C,122.8,3.5,3,3.22e+18,1.53e+18,48,-,S,-,-,-,-,S,3.27,0.55,17,B
329,Svea,MBA,1.22,0.63,52,D,78.6,3.8,5,3.10e+17,1.54e+17,50,-,C,-,C,C,-,-,-,-,-,-
334,Chicago,MBA,3.18,2.76,87,D,168.1,8.2,5,7.92e+18,6.76e+18,85,-,C,-,-,-,-,C,2.06,2.31,112,E
335,Roberta,MBA,1.05,0.53,50,D,96.7,6.5,7,4.97e+17,2.29e+17,46,-,FP,B,-,-,-,-,-,-,-,-
336,Lacadiera,MBA,2.01,0.95,47,C,74.4,2.7,4,4.32e+17,1.99e+17,46,-,D,Xk,-,-,-,-,-,-,-,-
337,Devosa,MBA,3.85,0.78,20,C,63.5,3.2,5,5.15e+17,7.12e+16,14,-,X,X,-,-,Xk,Xk,7.91,1.65,21,X
338,Budrosa,MBA,0.86,0.45,52,D,69.2,3.7,5,1.48e+17,7.42e+16,50,-,M,Xk,-,-,-,-,-,-,-,-
344,Desiderata,MBA,1.37,0.54,39,C,130.6,5.2,4,1.60e+18,5.95e+17,37,-,C,-,-,-,-,C,1.22,0.43,35,C
345,Tercidina,MBA,2.17,1.63,75,D,98.7,3.3,3,1.09e+18,8.11e+17,74,-,C,Ch,-,-,Ch,Ch,5.3,2.37,45,C
346,Hermentaria,MBA,2.31,1.14,49,C,92.1,0.9,1,9.44e+17,4.64e+17,49,-,S,S,-,-,S,S,14.89,1.52,10,X
347,Pariana,MBA,2.38,1.27,54,D,54.8,3.8,7,2.05e+17,1.01e+17,49,-,M,-,-,-,-,-,-,-,-,-
349,Dembowska,MBA,1.82,0.93,51,D,143.8,16.3,11,2.83e+18,1.09e+18,38,-,R,R,-,-,R,R,2.23,1.01,45,C
350,Ornamenta,MBA,1.62,0.83,51,D,126.3,6.1,5,1.71e+18,8.43e+17,49,-,C,-,Caa,Ch,-,-,-,-,-,-
354,Eleonora,MBA,3.93,1.84,47,C,159.3,4.8,3,8.31e+18,3.82e+18,46,-,S,Sl,A,S,A,A,3.73,1.39,37,C
356,Liguria,MBA,1.32,0.81,61,D,134.2,2.6,2,1.67e+18,1.02e+18,61,-,C,-,Caa,Ch,-,Ch,6.1,1.36,22,X
357,Ninina,MBA,1.83,0.97,53,D,97.4,6.1,6,8.85e+17,4.41e+17,50,-,CX,-,Caa,B,-,-,-,-,-,-
358,Apollonia,MBA,1.26,0.64,51,D,85.8,2.6,3,4.15e+17,2.07e+17,50,-,-,Ch,-,-,-,-,-,-,-,-
360,Carlova,MBA,6.62,4.51,68,D,116.9,23.4,20,5.54e+18,1.78e+18,32,-,C,C,-,-,-,-,-,-,-,-
362,Havnia,MBA,1.58,0.79,50,C,85.3,1.1,1,5.13e+17,2.55e+17,50,-,XC,-,Caa,Ch,-,-,-,-,-,-
363,Padua,MBA,4.10,2.25,55,D,86.6,8.2,9,1.40e+18,6.59e+17,47,-,XC,X,-,-,-,-,-,-,-,-
365,Corduba,MBA,2.72,3.62,133,E,104.7,2.4,2,1.64e+18,2.17e+18,133,-,X,C,Caa,Ch,-,Ch,9.76,1.73,18,X
366,Vincentina,MBA,1.66,0.84,51,D,96.0,3.4,4,7.67e+17,3.82e+17,50,-,-,Ch,Caa,Ch,-,-,-,-,-,-
369,Aeria,MBA,3.23,2.10,65,D,57.7,8.0,14,3.25e+17,1.62e+17,50,-,M,-,-,-,-,-,-,-,-,-
372,Palma,MBA,1.65,0.29,18,B,191.3,4.6,2,6.04e+18,9.83e+17,16,-,BFC,B,C,X,-,X,1.4,0.18,13,B
373,Melusina,MBA,1.22,0.75,61,D,92.9,10.9,12,5.14e+17,2.56e+17,50,-,C,-,X,Ch,-,-,-,-,-,-
375,Ursula,MBA,2.06,1.13,55,D,193.6,2.5,1,7.84e+18,4.28e+18,55,-,C,Xc,-,-,-,Xc,2.29,1.43,62,D
377,Campania,MBA,0.91,0.56,61,D,81.4,9.6,12,2.58e+17,1.29e+17,50,-,PD,Ch,-,-,-,-,-,-,-,-
379,Huenna,MBA,1.28,0.11,9,B,83.0,1.9,2,3.83e+17,1.99e+16,5,-,B,C,-,-,-,C,1.1,0.22,20,C
381,Myrrha,MBA,2.86,1.27,45,C,130.5,3.5,3,3.33e+18,1.46e+18,44,Y,C,Cb,C,X,-,X,9.32,1.64,18,X
385,Ilmatar,MBA,1.68,0.84,50,C,94.8,2.7,3,7.50e+17,3.68e+17,49,-,S,-,-,-,-,-,-,-,-,-
386,Siegena,MBA,2.66,1.15,43,C,169.0,6.5,4,6.73e+18,2.81e+18,42,-,C,C,Caa,Ch,-,Ch,3.14,0.76,24,C
387,Aquitania,MBA,2.25,0.90,40,C,102.2,3.2,3,1.26e+18,4.87e+17,39,-,S,L,-,-,L,L,3.27,1.11,34,C
388,Charybdis,MBA,5.80,3.66,63,D,105.7,11.2,11,3.58e+18,1.95e+18,55,-,C,C,X,X,-,-,-,-,-,-
389,Industria,MBA,2.64,1.34,51,D,79.6,3.9,5,6.99e+17,3.38e+17,48,-,S,S,-,-,S,-,-,-,-,-
393,Lampetia,MBA,2.89,1.65,57,D,108.2,17.0,16,1.92e+18,6.13e+17,32,-,C,Xc,Caa,Ch,-,-,-,-,-,-
404,Arsinoe,MBA,1.63,1.51,93,D,98.8,1.5,2,8.25e+17,7.64e+17,93,-,C,Ch,Caa,B,-,B,7.16,6.38,89,D
405,Thia,MBA,1.31,0.18,13,B,128.4,3.8,3,1.46e+18,1.46e+17,10,-,C,Ch,Caa,Ch,-,Ch,1.44,0.3,21,C
407,Arachne,MBA,1.92,1.07,56,D,88.0,7.6,9,6.85e+17,3.38e+17,49,-,C,-,Caa,Ch,-,-,-,-,-,-
409,Aspasia,MBA,3.62,1.07,30,C,175.3,5.0,3,1.02e+19,2.90e+18,28,Y,CX,Xc,-,-,-,Xc,4.1,0.84,20,C
410,Chloris,MBA,4.96,2.41,49,C,120.8,2.7,2,4.57e+18,2.20e+18,48,Y,C,Ch,-,-,-,Ch,7.72,1.69,22,X
412,Elisabetha,MBA,1.85,0.95,51,D,104.8,5.7,5,1.12e+18,5.42e+17,49,-,-,C,X,X,-,-,-,-,-,-
415,Palatia,MBA,2.48,1.17,47,C,80.1,2.0,3,6.67e+17,3.12e+17,47,-,DP,-,X,Xk,-,-,-,-,-,-
416,Vaticana,MBA,2.51,1.21,48,C,85.8,2.0,2,8.32e+17,3.97e+17,48,-,S,Sl,-,-,-,S,9.44,8.99,95,D
419,Aurelia,MBA,1.80,0.33,18,B,123.4,2.8,2,1.77e+18,2.97e+17,17,-,F,-,C,Cb,-,Cb,1.7,0.35,21,C
420,Bertholda,MBA,4.94,4.44,90,D,141.9,3.1,2,7.39e+18,6.62e+18,90,-,P,-,-,-,-,X,9.96,0.75,8,X
423,Diotima,MBA,1.33,0.46,35,C,215.1,8.7,4,6.94e+18,2.25e+18,32,Y,C,C,-,-,-,C,1.39,0.5,36,C
424,Gratia,MBA,1.30,0.66,50,D,87.5,2.1,2,4.57e+17,2.27e+17,50,-,-,-,X,Xc,-,-,-,-,-,-
426,Hippo,MBA,2.22,0.88,39,C,117.5,12.0,10,1.88e+18,4.69e+17,25,-,F,-,X,X,-,-,-,-,-,-
431,Nephele,MBA,1.86,1.05,57,D,90.5,8.3,9,7.24e+17,3.58e+17,49,-,B,B,B,B,-,-,-,-,-,-
432,Pythia,MBA,2.65,1.78,67,D,41.8,6.3,15,1.01e+17,5.03e+16,50,-,S,S,-,-,-,-,-,-,-,-
433,Eros,NEA,3.01,0.09,3,A,16.2,0.2,1,6.69e+15,2.98e+12,0,-,S,S,-,-,Sw,S,3.0,0.08,3,B
442,Eichsfeldia,MBA,1.25,0.23,18,B,65.8,1.5,2,1.86e+17,3.12e+16,17,-,C,Ch,-,-,-,Ch,1.32,0.16,12,B
444,Gyptis,MBA,1.72,1.14,66,D,163.9,5.3,3,3.97e+18,2.60e+18,65,-,C,C,-,-,C,C,4.55,1.23,27,C
445,Edna,MBA,4.60,4.91,107,E,87.2,3.7,4,1.60e+18,1.69e+18,106,-,C,-,Caa,Ch,-,Ch,9.52,2.5,26,X
449,Hamburga,MBA,0.85,1.42,166,E,73.3,10.3,14,1.76e+17,2.83e+17,161,-,C,-,-,-,-,C,10.07,9.24,92,E
451,Patientia,MBA,1.79,0.36,20,C,228.9,6.6,3,1.12e+19,2.03e+18,18,-,CU,-,C,Cb,-,Cb,1.6,0.8,50,D
454,Mathesis,MBA,0.48,0.24,50,D,83.3,2.0,2,1.45e+17,7.26e+16,50,-,CB,-,-,-,-,-,-,-,-,-
455,Bruchsalia,MBA,3.93,1.29,33,C,86.5,5.1,6,1.33e+18,3.70e+17,28,-,CP,-,X,Xk,-,Xk,3.32,0.84,25,C
464,Megaira,MBA,2.89,1.48,51,D,82.2,4.5,6,8.41e+17,4.07e+17,48,-,FXU:,C,-,-,-,-,-,-,-,-
465,Alekto,MBA,1.03,0.62,60,D,66.9,7.4,11,1.62e+17,8.08e+16,50,-,-,-,T,T,-,-,-,-,-,-
466,Tisiphone,OMB,0.65,0.35,54,D,121.5,8.3,7,6.13e+17,3.06e+17,50,-,C,-,-,-,-,-,-,-,-,-
469,Argentina,MBA,3.37,1.82,54,D,125.5,4.6,4,3.49e+18,1.84e+18,53,-,X,-,X,Xk,-,Xk,4.32,1.75,41,C
471,Papagena,MBA,2.75,1.07,39,C,135.1,6.3,5,3.55e+18,1.29e+18,36,-,S,S,-,-,-,S,3.01,1.82,60,D
476,Hedwig,MBA,1.60,0.41,26,C,124.3,3.5,3,1.61e+18,3.90e+17,24,-,P,X,-,-,-,-,-,-,-,-
481,Emita,MBA,1.75,2.79,160,E,107.2,4.7,4,1.13e+18,1.80e+18,159,-,C,Ch,-,-,-,Ch,8.95,2.53,28,C
485,Genua,MBA,1.65,0.88,54,D,55.7,3.6,7,1.49e+17,7.46e+16,50,-,-,S,S,S,S,S,14.53,5.68,39,X
488,Kreusa,MBA,1.24,0.20,16,B,154.2,4.6,3,2.39e+18,3.11e+17,13,-,C,-,Caa,Ch,-,Ch,1.1,0.54,49,C
489,Comacina,MBA,0.79,0.43,55,D,125.7,9.9,8,8.19e+17,4.06e+17,50,-,C,-,X,X,-,-,-,-,-,-
490,Veritas,MBA,2.26,2.51,111,E,112.3,2.1,2,1.68e+18,1.86e+18,111,-,C,Ch,-,-,-,Ch,8.37,3.23,39,C
491,Carina,MBA,4.58,3.11,68,D,97.1,2.4,2,2.20e+18,1.49e+18,68,-,-,C,X,X,-,X,9.97,4.15,42,C
498,Tokio,MBA,1.95,1.03,53,D,84.5,5.8,7,6.16e+17,2.98e+17,48,-,M,-,-,-,-,-,-,-,-,-
503,Evelyn,MBA,3.23,3.53,109,E,86.1,3.7,4,1.08e+18,1.17e+18,108,-,XC,Ch,-,-,-,Ch,8.1,1.38,17,X
505,Cava,MBA,2.57,1.59,62,D,101.4,1.8,2,1.40e+18,8.62e+17,61,-,FC,-,-,-,-,Xk,7.28,7.02,96,D
506,Marion,MBA,4.16,2.29,55,D,99.8,8.9,9,2.17e+18,1.04e+18,48,-,XC,-,X,X,-,-,-,-,-,-
508,Princetonia,MBA,1.89,0.77,41,C,132.7,4.6,3,2.31e+18,9.15e+17,40,-,C,-,X,X,-,X,2.09,0.47,22,C
511,Davida,MBA,2.15,0.78,36,C,301.1,15.3,5,3.08e+19,1.02e+19,33,-,C,C,X,X,-,C,2.43,0.79,33,C
514,Armida,MBA,2.09,1.05,50,D,110.4,3.7,3,1.48e+18,7.25e+17,49,Y,XC,-,X,Xe,-,-,-,-,-,-
516,Amherstia,MBA,2.08,1.48,71,D,75.2,2.7,4,4.63e+17,3.25e+17,70,-,M,X,-,-,-,X,8.01,7.6,95,D
517,Edith,MBA,2.44,1.36,56,D,80.8,6.9,9,6.74e+17,3.35e+17,50,-,X,-,X,C,-,-,-,-,-,-
521,Brixia,MBA,0.68,0.35,51,D,113.2,5.8,5,5.17e+17,2.51e+17,49,Y,C,Ch,Caa,Ch,-,-,-,-,-,-
532,Herculina,MBA,2.37,0.92,39,C,215.2,11.8,6,1.24e+19,4.35e+18,35,Y,S,S,-,-,S,S,2.12,0.53,25,C
535,Montague,MBA,0.74,0.38,51,D,74.0,2.9,4,1.58e+17,7.86e+16,50,-,C,-,-,-,-,-,-,-,-,-
536,Merapi,MBA,5.39,4.77,88,D,155.6,5.9,4,1.06e+19,9.31e+18,88,-,X,-,X,X,-,X,13.36,2.59,19,X
545,Messalina,OMB,1.36,0.68,50,C,117.2,3.9,3,1.15e+18,5.63e+17,49,-,CD,Cb,C,Cb,-,-,-,-,-,-
547,Praxedis,MBA,2.52,1.47,58,D,47.9,4.8,10,1.45e+17,7.25e+16,50,-,XD:,Xk,T,T,-,-,-,-,-,-
554,Peraga,MBA,1.58,0.23,15,B,96.0,1.7,2,7.30e+17,1.00e+17,14,-,FC,Ch,-,-,-,Ch,1.4,0.15,11,B
566,Stereoskopia,OMB,1.91,0.49,25,C,173.9,6.3,4,5.26e+18,1.21e+18,23,Y,C,-,-,-,-,-,-,-,-,-
568,Cheruskia,MBA,0.95,0.49,52,D,88.2,3.9,4,3.41e+17,1.70e+17,50,-,-,-,C,C,-,-,-,-,-,-
569,Misa,MBA,1.32,0.67,51,D,75.1,2.7,4,2.93e+17,1.46e+17,50,-,C,Cg,Caa,Ch,-,-,-,-,-,-
582,Olympia,MBA,9.98,27.31,274,X,43.4,1.5,4,4.28e+17,1.17e+18,273,-,S,-,-,-,-,S,10.0,27.35,274,X
584,Semiramis,MBA,2.87,2.89,101,E,51.5,2.3,4,2.05e+17,2.05e+17,100,-,S,Sl,-,-,-,S,11.31,8.06,71,X
585,Bilkis,MBA,0.33,0.18,55,D,60.2,3.8,6,3.72e+16,1.93e+16,52,-,C,-,-,-,-,-,-,-,-,-
591,Irmgard,MBA,2.48,1.26,51,D,54.1,2.5,5,2.05e+17,1.01e+17,49,-,X,-,-,-,-,-,-,-,-,-
593,Titania,MBA,1.75,0.88,50,D,77.1,2.9,4,4.20e+17,2.05e+17,49,-,C,-,-,-,-,-,-,-,-,-
595,Polyxena,OMB,0.83,0.42,51,D,113.1,3.2,3,6.27e+17,3.13e+17,50,-,-,-,T,T,-,-,-,-,-,-
596,Scheila,MBA,3.42,2.63,77,D,112.6,3.6,3,2.56e+18,1.95e+18,76,-,PCD,T,-,-,T,-,-,-,-,-
598,Octavia,MBA,0.88,0.55,62,D,66.9,8.2,12,1.38e+17,6.90e+16,50,-,C:,X,D,Cb,-,-,-,-,-,-
599,Luisa,MBA,2.06,1.04,50,D,76.5,3.5,5,4.82e+17,2.33e+17,48,-,S,K,-,-,L,-,-,-,-,-
602,Marianna,MBA,1.04,0.51,49,C,127.8,2.2,2,1.14e+18,5.52e+17,49,-,C,-,Caa,Ch,-,Ch,9.29,0.76,8,X
604,Tekmessa,MBA,2.41,1.22,51,D,65.9,1.8,3,3.61e+17,1.80e+17,50,-,-,Xc,-,-,-,Xc,10.35,2.46,24,X
617,Patroclus,MBA,0.94,0.09,9,B,140.4,2.3,2,1.36e+18,1.09e+17,8,-,P,-,-,-,-,X,0.88,0.17,19,B
618,Elfriede,MBA,2.16,1.59,74,D,117.4,19.7,17,1.83e+18,9.81e+17,54,-,C,-,C,C,-,-,-,-,-,-
623,Chimaera,MBA,0.89,0.45,51,D,47.5,1.4,3,4.99e+16,2.50e+16,50,-,XC,-,-,-,-,-,-,-,-,-
624,Hektor,MBA,1.37,0.26,19,B,239.0,14.1,6,9.82e+18,6.77e+17,7,-,D,-,-,-,-,X,1.63,0.32,20,C
626,Notburga,MBA,1.72,1.88,109,E,100.2,2.0,2,9.07e+17,9.87e+17,109,-,CX,Xc,C,Cb,-,Cb,6.81,2.9,43,E
635,Vundtia,MBA,1.08,0.61,56,D,88.2,7.5,8,3.88e+17,1.94e+17,50,-,C,-,Caa,B,-,-,-,-,-,-
654,Zelinda,MBA,1.31,0.24,18,B,123.9,4.3,3,1.31e+18,1.91e+17,15,Y,C,Ch,-,-,-,Ch,1.23,0.19,15,B
663,Gerlinde,MBA,2.35,1.51,64,D,109.3,15.7,14,1.61e+18,7.69e+17,48,-,X,-,X,X,-,-,-,-,-,-
665,Sabine,MBA,9.05,5.19,57,X,52.8,1.2,2,6.98e+17,3.98e+17,57,-,-,-,X,X,-,X,9.1,5.2,57,E
667,Denise,MBA,1.44,0.73,51,D,86.7,3.4,4,4.91e+17,2.44e+17,50,-,-,-,C,C,-,-,-,-,-,-
674,Rachele,MBA,2.53,1.21,48,C,99.5,2.6,3,1.30e+18,6.17e+17,47,-,S,S,-,-,-,-,-,-,-,-
675,Ludmilla,MBA,3.99,1.94,49,C,67.7,0.9,1,6.47e+17,3.14e+17,49,Y,S,S,-,-,Sw,S,73.99,15.05,20,X
679,Pax,MBA,4.95,1.45,29,C,65.1,1.9,3,7.14e+17,1.99e+17,28,-,I,K,-,-,L,L,4.99,1.62,32,C
680,Genoveva,MBA,4.37,2.06,47,C,84.7,1.7,2,1.39e+18,6.50e+17,47,-,XC,-,X,X,-,X,8.45,0.52,6,X
683,Lanzia,MBA,4.49,2.69,60,D,94.5,11.4,12,1.99e+18,9.50e+17,48,-,-,-,C,C,-,-,-,-,-,-
690,Wratislavia,MBA,1.30,0.44,34,C,135.9,2.4,2,1.71e+18,5.70e+17,33,-,CPF,-,B,B,-,B,7.81,1.77,23,X
691,Lehigh,MBA,2.07,1.35,65,D,83.0,11.6,14,6.20e+17,3.08e+17,50,-,CD:,-,-,-,-,-,-,-,-,-
694,Ekard,MBA,2.46,0.96,39,C,92.9,3.7,4,1.03e+18,3.83e+17,37,-,CP:,-,Caa,Ch,-,-,-,-,-,-
696,Leonora,MBA,2.41,1.22,51,D,80.9,3.0,4,6.68e+17,3.31e+17,50,-,XC,-,X,X,-,-,-,-,-,-
702,Alauda,MBA,2.70,1.94,72,D,189.0,12.7,7,9.54e+18,6.58e+18,69,-,C,B,C,X,-,B,1.64,0.99,60,D
704,Interamnia,MBA,2.10,0.38,18,A,318.3,10.9,3,3.54e+19,5.23e+18,15,Y,F,B,B,B,-,B,1.96,0.28,14,A
705,Erminia,MBA,4.02,2.39,60,D,131.4,5.5,4,4.78e+18,2.78e+18,58,-,X,C,X,X,-,-,-,-,-,-
709,Fringilla,MBA,4.12,1.98,48,C,96.9,3.1,3,1.96e+18,9.25e+17,47,-,X,-,-,-,-,-,-,-,-,-
712,Boliviana,MBA,1.83,0.62,34,C,136.9,3.4,3,2.45e+18,8.06e+17,33,-,C,X,-,-,-,-,-,-,-,-
713,Luscinia,OMB,1.18,0.60,51,D,106.5,3.9,4,7.49e+17,3.72e+17,50,-,C,C,X,Ch,-,-,-,-,-,-
720,Bohlinia,MBA,2.81,0.53,19,B,34.4,1.5,4,5.97e+16,7.96e+15,13,-,S,Sq,-,-,Sq,Sq,2.74,0.56,20,C
735,Marghanna,MBA,1.31,0.66,50,D,71.9,2.1,3,2.56e+17,1.26e+17,49,-,C,Ch,-,-,-,Ch,10.87,3.56,33,X
739,Mandeville,MBA,1.94,0.99,51,D,105.7,2.6,2,1.20e+18,6.05e+17,50,Y,X,X,X,X,Xc,Xc,1.88,1.74,93,D
740,Cantabia,MBA,3.68,2.00,54,D,85.1,6.7,8,1.19e+18,5.82e+17,49,-,CX,-,C,Cb,-,-,-,-,-,-
747,Winchester,MBA,1.65,0.57,34,C,170.6,4.9,3,4.30e+18,1.43e+18,33,-,PC,C,B,B,-,B,1.47,0.87,59,D
751,Faina,MBA,2.66,1.88,71,D,107.3,1.4,1,1.72e+18,1.22e+18,71,Y,C,Ch,-,-,-,Ch,5.05,0.92,18,B
752,Sulamitis,MBA,1.34,0.75,56,D,63.3,5.2,8,1.78e+17,8.91e+16,50,-,-,-,Caa,Ch,-,-,-,-,-,-
758,Mancunia,MBA,2.74,0.32,12,B,86.5,2.2,3,9.31e+17,7.96e+16,9,-,X,-,-,-,-,X,2.69,0.26,10,B
760,Massinga,MBA,2.98,1.58,53,D,71.0,1.3,2,5.60e+17,2.95e+17,53,-,SU,-,S,Sl,-,S,7.15,7.1,99,D
762,Pulcova,MBA,0.83,0.14,17,B,141.9,2.3,2,1.24e+18,2.03e+17,16,-,F,-,C,Cb,-,Cb,1.0,0.14,14,B
769,Tatjana,MBA,4.09,4.38,107,E,105.4,3.8,4,2.51e+18,2.67e+18,107,-,-,-,-,-,-,-,10.03,1.52,15,X
772,Tanete,MBA,1.56,3.42,220,E,124.4,16.3,13,1.57e+18,3.39e+18,216,-,C,-,C,Cb,-,-,-,-,-,-
773,Irmintraud,MBA,1.31,0.72,55,D,87.4,6.8,8,4.59e+17,2.29e+17,50,-,D,T,-,-,T,-,-,-,-,-
776,Berbericia,MBA,1.30,1.20,93,D,151.8,3.1,2,2.37e+18,2.19e+18,92,Y,C,Cgh,-,-,Cgh,Cgh,1.18,1.46,124,E
778,Theobalda,MBA,1.10,0.65,59,D,63.4,6.6,10,1.47e+17,7.35e+16,50,-,F,-,C,C,-,-,-,-,-,-
780,Armenia,MBA,2.90,1.46,50,D,97.3,3.2,3,1.40e+18,6.89e+17,49,-,-,-,C,C,-,-,-,-,-,-
784,Pickeringia,MBA,0.65,0.33,50,D,89.1,1.8,2,2.42e+17,1.21e+17,50,-,-,C,-,-,-,C,12.7,3.49,27,X
786,Bredichina,MBA,3.91,2.28,58,D,98.6,9.6,10,1.96e+18,9.93e+17,51,-,C,-,-,-,-,C,5.66,5.69,101,E
788,Hohensteina,MBA,2.15,1.11,51,D,112.0,5.9,5,1.58e+18,7.73e+17,49,-,-,-,Caa,Ch,-,-,-,-,-,-
790,Pretoria,MBA,2.10,0.91,43,C,170.4,3.2,2,5.44e+18,2.32e+18,43,-,P,-,X,X,-,X,2.09,0.45,22,C
791,Ani,MBA,1.07,0.62,59,D,101.6,10.5,10,5.86e+17,2.91e+17,50,-,C,-,C,Ch,-,-,-,-,-,-
804,Hispania,MBA,2.93,1.11,38,C,147.8,8.4,6,4.94e+18,1.67e+18,34,-,PC,C,C,C,-,C,2.93,1.06,36,C
809,Lundia,MBA,1.64,0.55,33,C,10.3,0.1,1,9.27e+14,3.09e+14,33,-,-,-,V,V,-,V,1.64,0.1,6,B
814,Tauris,MBA,1.39,0.68,49,C,119.9,4.0,3,1.25e+18,5.98e+17,48,-,C,C,X,X,-,-,-,-,-,-
849,Ara,MBA,4.29,2.18,51,D,73.0,3.0,4,8.74e+17,4.30e+17,49,-,M,-,-,-,-,-,-,-,-,-
854,Frostia,MBA,3.42,3.43,100,E,8.4,1.3,15,1.06e+15,9.50e+14,90,-,-,-,-,-,-,V,0.88,0.13,15,B
895,Helio,MBA,2.74,1.83,67,D,149.2,5.0,3,4.76e+18,3.14e+18,66,-,FCB,B,-,-,-,B,5.76,3.58,62,D
909,Ulla,OMB,2.76,1.33,48,C,118.9,3.0,2,2.43e+18,1.16e+18,48,-,X,-,-,-,-,-,-,-,-,-
914,Palisana,MBA,1.48,0.74,50,C,77.5,2.7,3,3.61e+17,1.76e+17,49,-,CU,-,Caa,Ch,-,Ch,8.36,1.85,22,X
939,Isberga,MBA,3.53,3.36,95,D,12.4,0.6,5,3.52e+15,3.32e+15,94,-,S,-,-,-,-,-,-,-,-,-
949,Hel,MBA,12.31,5.14,42,X,64.5,4.7,7,1.73e+18,6.17e+17,36,-,-,-,X,Xk,-,Xk,12.86,5.19,40,X
980,Anacostia,MBA,1.85,1.00,54,D,79.9,6.0,7,4.93e+17,2.44e+17,49,-,SU,L,-,-,-,-,-,-,-,-
1013,Tombecka,MBA,6.39,53.43,836,E,37.1,1.4,4,1.71e+17,1.43e+18,836,-,XSC,-,X,Xk,-,Xk,7.5,62.74,837,E
1015,Christa,MBA,1.97,3.25,165,E,99.5,2.3,2,1.01e+18,1.67e+18,165,-,C,Xc,-,-,-,Xc,9.17,1.46,16,X
1021,Flammario,MBA,1.84,0.84,46,C,98.8,3.0,3,9.27e+17,4.18e+17,45,-,F,B,C,Cb,-,Cb,10.03,1.02,10,X
1036,Ganymed,NEA,2.76,1.23,45,C,35.7,0.6,2,6.58e+16,2.92e+16,44,-,S,S,S,S,S,S,7.91,15.1,191,X
1089,Tama,MBA,0.70,0.27,38,C,13.4,0.6,5,8.90e+14,3.20e+14,36,-,-,-,S,S,-,S,2.52,0.29,12,B
1093,Freda,MBA,0.96,0.48,50,C,121.3,4.3,4,9.02e+17,4.41e+17,49,-,C,-,-,-,-,-,-,-,-,-
1107,Lictoria,MBA,3.57,1.85,52,D,84.1,3.5,4,1.11e+18,5.60e+17,50,-,-,Xc,-,-,-,-,-,-,-,-
1171,Rusthawelia,MBA,3.07,1.54,50,D,70.6,1.9,3,5.67e+17,2.80e+17,49,-,P,-,X,X,-,X,9.66,1.45,15,X
1313,Berna,MBA,1.59,1.43,90,D,13.9,0.6,4,2.25e+15,2.00e+15,89,-,-,-,-,-,-,S,1.21,0.14,12,B
1428,Mombasa,MBA,43.03,14.78,34,X,55.1,5.0,9,3.78e+18,7.95e+17,21,-,-,Xc,-,-,-,-,-,-,-,-
1467,Mashona,OMB,0.93,0.49,53,D,89.2,0.7,1,3.45e+17,1.83e+17,53,-,GC,-,Caa,Ch,-,-,-,-,-,-
1669,Dagmar,MBA,1.28,0.43,33,C,39.0,3.5,9,3.98e+16,7.96e+15,20,-,G:,-,-,-,-,Cg,0.95,0.27,28,C
1686,De Sitter,MBA,430.61,213.19,50,X,31.1,1.6,5,6.76e+18,3.18e+18,47,-,-,-,-,-,-,-,450.51,220.97,49,X
3169,Ostro,MBA,2.60,0.88,34,C,5.2,0.1,2,1.86e+14,6.20e+13,33,-,TS,Xe,C,Cb,-,Xe,2.59,0.2,8,B
3671,Dionysus,NEA,1.94,0.93,48,C,0.9,0.1,11,8.38e+11,2.79e+11,33,-,-,Cb,-,-,-,Cb,1.6,0.6,37,C
3749,Balam,MBA,2.83,3.65,129,E,7.0,3.0,43,5.09e+14,1.99e+13,4,-,-,-,-,-,-,S,2.83,3.64,129,E
4492,Debussy,MBA,0.49,0.74,151,E,10.9,4.4,40,3.33e+14,3.00e+14,90,-,-,-,-,-,-,-,0.9,0.1,11,B
5381,Sekhmet,NEA,1.99,0.89,45,C,1.0,0.1,10,1.04e+12,3.46e+11,33,-,-,-,-,-,-,S,1.98,0.65,33,C
25143,Itokawa,NEA,2.04,0.20,10,A,0.3,0.0,3,3.50e+10,1.05e+09,3,-,-,-,-,-,-,S,1.91,0.21,11,A
26308,1998 SM165,TNO,0.56,0.24,43,C,284.9,23.2,8,6.78e+18,2.40e+18,35,-,-,-,-,-,-,-,0.56,0.2,36,C
35107,1991 VH,NEA,1.85,0.61,33,C,1.1,0.1,10,1.40e+12,1.40e+11,10,-,-,Sk,-,-,Sq,Sq,1.5,0.5,33,C
42355,Typhon,TNO,0.32,0.04,14,B,178.9,7.5,4,9.49e+17,5.20e+16,5,-,-,-,-,-,-,-,0.3,0.03,10,B
47171,1999 TC36,TNO,0.41,0.09,21,C,403.9,24.1,6,1.42e+19,1.66e+18,12,-,-,-,-,-,-,-,0.41,0.03,7,B
50000,Quaoar,TNO,2.08,0.25,12,B,1110.0,5.0,0,1.49e+21,1.75e+20,12,-,-,-,-,-,-,-,3.6,1.7,47,C
58534,Logos,TNO,0.39,0.42,110,E,110.0,40.0,36,2.70e+17,3.00e+16,11,-,-,-,-,-,-,-,0.38,0.42,111,E
65489,Ceto,TNO,0.44,0.07,16,B,286.5,13.7,5,5.41e+18,4.20e+17,8,-,-,-,-,-,-,-,0.65,0.23,35,C
65803,Didymos,NEA,1.95,0.62,32,C,0.8,0.1,10,5.24e+11,5.24e+10,10,-,-,-,-,-,-,-,1.9,0.53,28,C
66063,1998 RO1,NEA,2.15,1.56,73,D,0.7,0.1,18,3.60e+11,1.80e+11,50,-,-,-,-,-,-,S,2.79,1.47,53,D
66391,1999 KW4,NEA,1.95,0.16,8,B,1.3,0.0,2,2.35e+12,9.94e+10,4,-,-,-,-,-,-,S,1.8,0.29,16,B
66652,Borasisi,TNO,0.08,0.05,61,X,447.0,90.0,20,3.75e+18,4.00e+17,11,-,-,-,-,-,-,-,0.08,0.04,50,D
88611,2001 QT297,TNO,0.40,0.40,100,E,225.0,75.0,33,2.36e+18,1.00e+16,0,-,-,-,-,-,-,-,0.39,0.39,100,E
90482,Orcus,TNO,1.56,0.22,14,B,919.2,43.5,5,6.33e+20,3.31e+18,1,-,-,-,-,-,-,-,1.57,0.22,14,B
101955,Bennu,APO,1.19,0.00,0,A,0.5,0.0,0,7.33e+10,9.00e+07,0,-,-,-,-,-,B,-,-,-,-,-
134340,Pluto,TNO,1.82,0.02,1,A,2390.0,10.0,0,1.30e+22,7.00e+19,1,-,-,-,-,-,-,-,1.81,0.02,1,A
134860,2000 OJ67,TNO,0.60,0.61,103,E,190.0,65.0,34,2.14e+18,1.10e+17,5,-,-,-,-,-,-,-,0.59,0.61,103,E
136108,Haumea,TNO,1.91,0.09,5,B,1595.2,21.6,1,4.06e+21,8.46e+19,2,-,-,-,-,-,-,-,3.96,0.88,22,C
136199,Eris,TNO,2.50,0.08,3,B,2333.3,22.1,1,1.66e+22,2.00e+20,1,-,-,-,-,-,-,-,2.41,0.23,10,B
136617,1994 CC,NEA,2.08,0.61,29,C,0.6,0.1,10,2.59e+11,1.30e+10,5,-,-,-,-,-,-,-,2.07,0.61,29,C
153591,2001 SN263,AMO,1.01,0.23,23,C,2.6,0.2,8,9.17e+12,2.24e+10,0,-,-,-,-,-,C,-,0.99,0.22,22,C
162173,Ryugu,APO,1.19,0.02,2,A,0.9,0.0,0,4.50e+11,6.00e+09,1,-,-,Cb,-,-,-,-,-,-,-,-
164121,2003 YT1,NEA,1.95,1.15,59,D,1.1,0.2,17,1.27e+12,3.90e+11,31,-,-,-,-,-,-,-,1.9,0.59,31,C
175706,1996 FG3,NEA,1.45,0.67,46,C,1.8,0.2,11,4.27e+12,1.42e+12,33,-,-,C,-,-,-,C,1.36,0.65,48,C
185851,2000 DP107,NEA,0.20,0.13,65,D,1.6,0.3,21,4.60e+11,5.00e+10,11,-,-,-,-,-,-,-,0.95,1.04,109,E
276049,2002 CE26,NEA,0.90,0.30,33,C,3.5,0.3,10,1.95e+13,2.50e+12,13,-,-,-,-,-,-,C,0.89,0.29,33,C
311066,2004 DC,NEA,1.73,0.49,28,C,0.3,0.0,9,3.57e+10,3.57e+09,10,-,-,-,-,-,-,-,1.73,0.49,28,C
494658,2000 UG11,NEA,0.66,0.67,101,E,0.3,0.1,33,9.35e+09,1.59e+09,17,-,-,-,-,-,-,-,0.66,0.67,102,E
524366,2001 XR254,TNO,0.67,0.67,100,E,225.0,75.0,33,4.00e+18,1.70e+17,4,-,-,-,-,-,-,-,0.67,0.67,100,E
